brewery_id,beer_id
34,251
34,71
34,442
34,1907
34,4316
34,2973
34,3152
34,4095
34,5083
872,252
872,253
872,1793
872,347
872,414
872,3342
872,1459
872,3089
872,3699
872,608
872,4530
1402,254
1402,257
1402,262
1019,255
1019,1749
1019,1120
1019,1830
1019,3252
1019,3264
1019,1881
1019,3493
1019,3582
1019,2647
1019,485
1019,3786
1019,3797
1019,5327
1019,5359
1019,5466
1019,4130
997,256
997,1431
997,2545
997,2190
997,2196
997,4077
997,4082
1464,258
1464,1768
1464,1155
1464,1361
1464,2325
1464,2559
1464,4956
1464,660
1464,672
1237,259
1237,1743
1237,59
1237,140
1237,1813
1237,1832
1237,1844
1237,1488
1237,2975
1237,3088
1237,3688
1237,4642
1237,5072
1336,260
1336,141
1336,885
274,261
274,889
274,2833
274,4989
1481,263
1481,5139
1481,330
1481,3018
1481,3752
1481,5449
1481,4982
616,264
616,4250
616,144
824,265
824,4208
824,174
824,206
824,309
824,1257
824,1258
824,1302
824,1351
824,1505
824,1508
824,1517
824,1531
824,1547
824,850
824,2014
824,2024
824,2031
824,2754
824,2859
824,2155
824,4404
824,3867
824,4116
824,4503
824,4505
824,4506
824,5098
824,5539
599,266
599,2539
599,3920
1428,267
1428,4206
1428,1610
1428,1058
1428,1751
1428,1724
1428,20
1428,203
1428,5102
1428,5135
1428,1880
1428,1263
1428,1283
1428,1355
1428,1420
1428,1510
1428,1546
1428,2507
1428,2562
1428,806
1428,1046
1428,2016
1428,2801
1428,2848
1428,4363
1428,4391
1428,5464
1428,3860
1428,4014
1428,4702
1428,4741
1428,4970
1428,4986
1428,5081
1428,5526
962,268
1148,269
1148,3718
1391,270
744,271
744,2322
744,2999
83,272
83,166
83,2287
83,714
83,724
83,2595
83,843
83,1008
83,5357
83,5362
83,5492
1409,273
1409,244
1409,1238
1409,980
1409,5487
1099,274
922,275
922,1922
922,2649
922,988
922,1018
258,276
940,277
940,4425
751,278
561,279
561,397
561,5448
561,3827
619,280
619,97
619,5344
619,5489
428,281
1491,282
854,283
854,36
854,137
854,218
854,2623
854,2969
854,5406
854,5507
780,284
780,1816
780,1898
780,3502
780,3547
780,5243
780,5295
780,453
780,3756
780,3767
780,5423
780,4146
780,5518
780,5542
780,5546
780,5548
780,5555
780,5556
525,285
525,1699
525,3433
1123,286
1123,126
1123,228
1123,720
1123,2533
1123,2535
1123,963
1123,2871
1123,4483
1123,679
1123,690
678,287
678,896
128,288
128,230
128,3276
128,3361
128,3366
128,3368
128,3372
128,3376
128,3383
128,3384
128,1927
529,289
374,290
408,291
408,1243
1167,292
269,293
1009,294
1009,3153
1009,3687
467,295
467,172
467,717
467,2566
467,2611
467,2792
182,296
182,1695
182,243
182,545
182,1934
182,1976
182,4341
182,2872
182,4647
376,297
376,3250
376,1923
376,3193
376,3990
9,298
507,299
1377,300
1377,25
1377,112
1377,127
1377,1948
1377,734
1377,2780
1377,2781
1377,4076
1377,4645
1377,4987
1217,4201
1217,4211
1217,1789
1217,304
1217,536
1217,1255
1217,1256
1217,1285
1217,1295
1217,1401
1217,1513
1217,1571
1217,1921
1217,2334
1217,2346
1217,2591
1217,2625
1217,1005
1217,2001
1217,2751
1217,2905
1217,4368
1217,2154
1217,3702
1217,3739
1217,4492
1217,3804
1217,3813
1217,4106
1217,4117
1217,4513
1217,4953
1217,5006
135,4202
135,8
135,305
135,513
135,1833
135,1843
135,1251
135,1503
135,1537
135,2558
135,2637
135,814
135,945
135,2025
135,2757
135,3102
135,3171
135,2152
135,2184
135,4410
135,3738
135,3865
135,3801
135,3806
135,3807
135,3835
135,4105
135,4154
135,4851
135,4855
135,4758
135,5058
515,4203
515,301
515,302
515,3201
515,1234
515,3251
515,1863
515,3316
515,3323
515,3324
515,3353
515,3451
515,3453
515,3457
515,3460
515,1253
515,1272
515,1284
515,1501
515,1506
515,1511
515,2036
515,2143
515,2756
515,2851
515,3652
515,5314
515,5465
515,5500
515,3864
515,3873
515,3805
515,4173
515,4554
515,4563
515,4620
515,4652
515,4822
515,5055
515,5061
515,5073
411,4204
411,1072
411,2933
411,3081
411,4386
411,4464
411,614
411,3883
411,3819
659,4205
659,4232
659,1762
659,1861
659,1280
659,1522
659,3591
659,818
659,4303
659,4325
659,2033
659,2109
659,2760
659,2974
659,4457
659,3861
659,3866
659,3874
659,3876
659,4064
659,4621
659,4722
8,4207
8,4231
8,1663
8,1878
8,1310
8,1380
8,1457
8,1514
8,1526
8,1530
8,1913
8,2352
8,2391
8,2512
8,2730
8,824
8,982
8,2002
8,2004
8,2021
8,2026
8,2028
8,2857
8,2912
8,2965
8,601
8,3764
8,5321
8,5398
8,5438
8,4007
8,4073
8,4083
8,4107
8,4121
8,4144
8,4161
8,4648
8,4852
8,4996
38,4209
38,4234
38,1661
38,409
38,1279
38,1429
38,1033
38,4331
38,4342
38,2083
38,2180
38,2186
38,4408
38,4459
38,4478
38,3856
38,3891
38,3899
38,4575
38,4613
1388,4210
1388,2
1388,27
1388,105
1388,417
1388,528
1388,1524
1388,2809
1388,2924
1388,3700
1388,2153
1388,4401
1388,4060
1388,4556
1388,4736
1388,4958
1159,4212
1159,4248
1159,1605
1159,1780
1159,101
1159,107
1159,131
1159,1102
1159,1133
1159,303
1159,3202
1159,3206
1159,3455
1159,1378
1159,1415
1159,1455
1159,1915
1159,2418
1159,962
1159,2767
1159,2855
1159,2906
1159,3671
1159,2158
1159,2164
1159,2169
1159,2178
1159,551
1159,3802
1159,4054
1159,4131
1159,4516
1159,5096
1159,685
697,4213
697,1640
697,139
697,4304
697,4312
697,4315
697,5434
697,4512
697,4520
697,4524
697,4526
697,4540
56,4214
56,5106
56,1895
56,1307
56,1309
582,4215
582,4252
582,4257
582,1091
582,1755
582,5128
582,339
582,1868
582,1264
582,1509
582,2525
582,2627
582,825
582,2023
582,2102
582,2141
582,2806
582,3181
582,4356
582,5319
582,5331
582,4055
582,4056
582,4085
582,4103
582,4147
582,4197
582,4880
1403,4216
1403,4218
1403,1778
1403,1277
1403,1354
1403,1937
1403,730
1403,955
1403,2789
1403,2860
1403,3669
1403,5490
215,4217
215,3393
215,3458
215,1318
215,4374
215,578
215,3707
215,4471
215,3772
215,5333
215,3863
215,3810
666,4219
666,1304
666,1507
666,1523
666,1540
666,2609
666,2979
666,4403
666,5440
666,3877
666,4591
666,4737
666,4885
5,4220
5,3310
5,1293
5,1353
5,2967
5,2182
5,3906
5,4564
5,4740
5,658
195,4221
195,341
195,1470
195,2022
195,2915
195,4089
195,4869
195,675
48,4222
48,3469
48,1274
48,1281
48,1525
48,5214
48,2216
48,5452
48,3828
48,4896
191,4223
191,1623
191,7
191,151
191,153
191,155
191,157
191,167
191,181
191,1101
191,320
191,3302
191,3314
191,3321
191,3336
191,3498
191,1276
191,1282
191,1316
191,1908
191,1910
191,2313
191,2518
191,2534
191,2547
191,2552
191,2565
191,2616
191,2656
191,801
191,906
191,951
191,985
191,999
191,1001
191,454
191,2055
191,2105
191,2113
191,2802
191,2832
191,2854
191,2882
191,2909
191,2934
191,3005
191,3656
191,3665
191,2195
191,2202
191,2211
191,3713
191,3742
191,4461
191,4469
191,3760
191,3766
191,5479
191,5498
191,5501
191,3832
191,4124
191,4156
191,4164
191,4507
191,4572
191,4715
191,4853
191,4865
191,4879
191,4906
191,4971
191,5059
191,5062
191,5066
191,5068
191,5069
191,5079
191,5095
191,5554
191,651
1130,4224
1130,1760
1130,420
1130,1396
1130,1416
1130,2394
1130,2834
1130,2945
1130,4442
1130,563
1130,576
1130,3708
1130,4720
538,4225
538,3164
1321,4226
1321,26
1321,327
1321,1364
1321,967
1321,2943
1321,2957
1321,2189
1321,4475
1321,4149
1321,4160
1157,4227
1157,4276
1157,1681
1157,175
1157,3169
1157,3996
1231,4228
1231,15
1231,5126
1231,5132
1231,307
1231,319
1231,1159
1231,516
1231,1836
1231,1271
1231,1324
1231,1376
1231,4313
1231,2108
1231,2826
1231,2868
1231,2952
1231,3103
1231,3659
1231,4375
1231,4424
1231,3712
1231,4473
1231,4133
1231,4592
1231,4755
560,4229
560,5109
560,5113
560,5116
560,5117
560,5118
560,5120
560,2095
560,2838
560,3053
560,3055
560,3059
560,3076
560,3754
560,3757
560,5318
560,5324
560,5483
560,3868
560,3894
886,4230
886,3016
886,2192
886,4422
886,3829
1007,4233
1007,3487
1007,2972
1007,3032
1007,3758
1007,4148
1007,686
1007,688
528,4235
528,4244
528,1796
528,326
528,429
528,3233
528,873
528,4344
528,2908
528,3090
528,3114
528,3850
528,4543
528,4895
528,4765
528,4770
931,4236
931,1052
931,5108
931,3480
931,3495
931,2344
931,5164
931,5202
931,5215
931,5288
931,3625
931,2089
931,2861
931,3881
931,4057
931,4084
931,4589
931,4636
1038,4237
1038,1314
1038,2555
1038,3706
1038,4096
702,4238
702,3087
702,4145
625,4239
625,119
625,125
625,733
625,735
625,2308
625,2395
625,766
625,959
625,2167
625,664
1184,4240
1184,432
1383,4241
1383,1559
1383,1565
1383,1569
1383,1576
1383,1577
1383,1580
1383,1581
1383,1589
1383,1596
1383,1598
1383,1600
1383,1932
1383,1935
1383,2020
1383,2027
1383,2029
1383,2044
1383,2939
1383,3907
1383,4884
151,4242
151,1782
151,306
151,2124
151,3112
151,4493
151,4150
151,4868
151,677
968,4243
968,2221
968,4467
968,4020
927,4245
927,1679
927,1474
927,3042
927,3192
927,3926
927,4528
927,4675
927,4833
140,4246
140,118
140,1464
140,1943
140,839
140,2926
140,4537
140,4806
140,684
183,4247
183,1772
183,3344
183,1338
183,1370
183,704
183,838
183,3698
183,3710
1077,4249
1077,4287
1077,4299
1077,1715
1077,3218
1077,3268
1077,3293
1077,1329
1077,1368
1077,1397
1077,1439
1077,1538
1077,2034
1077,3173
1077,2179
1077,4420
1077,4761
1077,4763
1077,4768
649,4251
649,1601
649,1781
649,340
649,408
649,509
649,3274
649,1853
649,1860
649,1883
649,1900
649,1451
649,1901
649,741
649,821
649,452
649,1988
649,2045
649,552
649,5368
649,3852
649,3855
649,3900
649,4087
649,4603
649,4724
649,4854
649,4759
649,5521
1456,4253
1456,4254
1456,374
1456,411
1456,2063
1456,3655
1456,4365
1456,4370
1456,3892
1456,4711
1456,5092
1456,5531
1060,4255
1060,4295
1060,1214
1060,627
1060,3966
55,4256
55,322
55,1151
55,1153
55,1158
55,1290
55,2306
55,2904
55,2173
55,4804
55,4863
55,697
505,4258
505,1685
505,1754
505,1269
505,1306
505,1326
505,1358
505,1543
505,2323
505,798
505,5252
505,2008
505,2015
505,2038
505,2902
505,5365
505,3854
505,3803
505,653
771,4259
771,4268
771,4271
771,4274
771,4277
771,4668
771,4672
928,4260
928,975
928,2940
928,3763
928,4599
591,4261
591,1756
591,381
591,3459
591,1291
591,1301
591,1333
591,2318
591,819
591,2018
591,2881
591,2929
591,3052
591,3061
591,3682
591,2215
591,3792
591,3903
591,4962
591,666
1139,4262
1139,4293
1139,1774
1139,3462
1139,1297
1139,1379
1139,1407
1139,836
1139,923
1139,469
1139,2059
1139,3105
1139,3117
1139,2181
1139,4417
1139,3729
1139,4487
1139,4136
1139,4776
1139,5088
814,4263
814,33
814,52
814,54
814,1105
814,3386
814,1336
814,1350
814,4305
814,4310
814,3120
814,5381
814,3841
814,3993
727,4264
727,1766
727,1788
727,325
727,1809
727,1857
727,1862
727,1879
727,1899
727,1372
727,1377
727,1400
727,1557
727,1561
727,1562
727,1566
727,1568
727,1575
727,1586
727,1595
727,1597
727,2536
727,4335
727,2012
727,2821
727,2907
727,2925
727,2994
727,3056
727,3082
727,3761
727,4078
68,4265
68,4296
68,439
68,3465
68,1384
68,1465
68,4328
68,2142
68,2954
68,3154
68,3709
68,4472
68,3824
68,4876
1340,4266
1340,1675
1340,1180
1340,1817
1340,1909
1340,2520
1340,2626
1340,834
1340,993
1340,1992
1340,2098
1340,2116
1340,2785
1340,3657
1340,3963
1340,4072
1340,4080
1340,4140
1340,4679
1340,4808
1340,4984
1340,676
1317,4267
1317,4273
1317,4282
1317,4283
1317,1759
1317,250
1317,3313
1317,2076
1317,2188
1317,597
1317,3753
1317,3871
1317,3882
1317,4509
1317,4609
1317,4713
1317,4751
1317,4752
1317,4766
1317,4772
1317,4796
1317,4800
1317,5532
433,4269
433,1687
433,403
433,407
433,416
433,1226
433,3332
433,1259
433,2335
433,2510
433,3596
433,2030
433,3663
433,2161
433,4468
433,5508
433,3869
433,3972
433,3985
433,4037
433,4044
433,4113
433,5063
526,4270
774,4272
774,4281
774,1106
774,425
774,3058
774,4393
774,4436
774,3789
774,5353
774,5397
774,3846
774,4137
774,4760
774,4773
30,4275
30,421
30,3714
30,4141
30,4181
598,4278
598,2362
598,2981
598,3812
1025,4279
1025,237
1025,744
1025,3848
1143,4280
1143,1632
1143,1472
1143,2135
1143,3012
1143,3917
1143,3956
1143,3980
1143,4665
1143,4667
1143,4673
1064,4284
1064,1726
1064,2079
1064,5328
1064,5340
1064,5389
1064,5488
1064,3879
1064,4771
858,4285
858,372
1209,4286
1209,4290
1209,1659
1209,1758
1209,447
1209,3349
1209,3471
1209,3482
1209,1394
1209,1460
1209,1461
1209,2133
1209,2900
1209,3039
1209,3093
1209,3654
1209,3660
1209,4012
1209,4874
1209,674
317,4288
317,1626
317,2982
317,3762
317,3768
317,3771
1262,4289
1262,3973
589,4291
589,438
589,592
626,4292
626,1651
626,1602
626,1481
626,4308
626,2123
626,3002
626,4024
626,4653
711,4294
711,1647
711,4670
1273,4297
1273,1662
1273,120
1273,1924
1273,2515
1273,837
1273,2818
1273,4063
1273,4745
465,4298
410,4300
410,1693
410,1492
410,4050
1475,1652
1475,1620
1475,3494
1475,2121
1475,2129
1475,3035
1475,4659
1475,683
848,1653
848,1667
848,3454
848,813
848,3954
848,4138
848,4139
848,4151
848,4155
1133,1654
1133,1785
1133,1294
1133,3017
1133,3695
1133,2194
1133,661
1240,1655
1240,3452
1240,3476
1240,1520
1240,1529
1240,2529
1240,2032
1240,2035
1240,2852
1240,2931
1240,3651
1240,3692
1240,5509
1240,3862
1240,3875
1240,3890
1240,4153
1240,4159
1240,4186
1240,4860
1240,4899
1240,656
714,1656
714,1776
714,61
714,241
714,1287
714,1362
714,1017
714,2130
714,2150
714,2853
714,3037
714,3080
714,3673
714,4125
534,1657
534,1671
534,1688
534,1622
534,1624
534,413
534,3308
534,4466
534,4086
534,4143
534,4152
534,691
1155,1658
1155,382
1155,4664
1155,4682
671,1660
671,1608
671,1614
671,1205
671,1489
671,1960
671,4321
671,2104
671,4662
671,4666
1479,1664
1479,3463
1479,451
1479,3007
1479,3909
1479,4011
1479,4655
175,1665
175,2112
175,4663
606,1666
606,1609
606,2262
58,1668
58,1202
58,525
58,1299
58,1408
58,768
58,3677
58,2160
58,5462
58,5463
58,5472
58,5493
58,3811
58,4058
58,4726
58,655
667,1669
667,1468
667,3015
1291,1670
1291,349
1291,368
1291,412
1291,3326
1291,1286
1291,1330
1291,1450
1291,2007
1291,4990
1291,668
1223,1672
1223,1769
1223,436
1223,3205
1223,1409
1223,2327
1223,3970
1213,1673
1213,324
1213,335
1213,427
1213,1162
1213,3325
1213,1337
1213,1387
1213,1395
1213,1411
1213,1419
1213,1437
1213,1944
1213,739
1213,2373
1213,765
1213,2563
1213,2691
1213,976
1213,978
1213,464
1213,1974
1213,2784
1213,2856
1213,2863
1213,3019
1213,3086
1213,4419
1213,4449
1213,2212
1213,2234
1213,645
1213,4025
1213,4176
1213,4882
1213,4756
1381,1674
1381,1757
1381,1779
1381,1784
1381,1790
1381,1552
1381,1554
1381,1556
1381,1558
1381,1563
1381,1570
1381,1573
1381,1578
1381,1585
1381,1587
1381,1590
1381,1594
1381,1599
1381,783
1381,2042
1381,3134
1381,3142
1381,3815
1381,4171
1381,4188
1381,4193
1381,4194
1381,4195
1381,4199
679,1676
679,1684
679,1613
679,630
679,4018
1208,1677
1208,1604
1208,3922
621,1678
621,1939
621,3050
621,3721
621,4486
661,1680
661,213
661,1453
661,1527
661,1539
661,1942
661,2351
661,2364
661,2561
661,805
661,1002
661,2010
661,2090
661,2759
661,2776
661,2901
661,3071
661,3185
661,4405
661,2203
661,4093
661,4111
661,4119
661,4898
661,4932
661,5074
661,652
551,1682
551,3664
551,3674
551,3679
551,3686
551,4071
551,4178
551,673
1472,1683
1472,423
138,1686
138,1727
138,1371
138,1388
549,1689
549,3220
549,773
108,1690
108,1641
1107,1691
1107,5042
889,1692
889,1765
889,344
889,3301
889,1458
889,709
889,2557
889,957
889,462
889,3683
889,4470
889,3902
889,4857
448,1694
448,1050
448,1957
448,1959
642,1696
642,4687
652,1697
652,48
652,323
652,989
652,4413
652,4443
652,5347
652,5393
27,1698
27,1617
27,1650
27,4660
1238,1700
1238,4418
452,1603
452,1636
715,1606
715,235
715,401
715,1476
715,2336
715,755
715,800
715,2402
715,2666
715,3607
715,3617
715,2127
715,2128
715,2204
438,1607
1205,1611
1395,1612
1395,1771
1395,1802
1395,1849
1395,2357
1395,832
1395,3079
1395,4415
1395,3705
1395,4142
1395,4803
1395,4973
741,1615
741,3921
134,1616
134,4463
134,4500
134,602
134,612
134,3905
134,3941
134,4022
478,1618
478,448
478,1929
478,2125
478,3020
478,4658
1435,1619
1435,4683
904,1621
1253,1625
1253,1642
1253,1477
1253,2139
1253,2144
1253,3009
1253,4168
1253,4696
1253,689
396,1627
396,2120
1449,1628
1449,1049
1227,1629
1227,80
1227,2522
1227,877
1227,841
1227,926
1227,2816
1227,4387
1227,2249
1227,4028
1227,5000
1227,680
1154,1630
1154,463
1013,1631
1013,2630
470,1633
470,1480
470,2343
364,1634
364,2101
734,1635
1117,1637
1117,3048
487,1638
1180,1639
1180,402
1180,3350
1180,1456
1180,2411
1180,2107
1180,3001
1180,3901
1180,3933
1180,4052
1180,4110
1180,4654
1180,654
405,1643
643,1644
643,491
643,4323
1366,1645
1366,1969
1366,2119
1278,1646
739,1648
739,3913
739,4676
938,1649
938,224
938,1150
938,2371
308,1051
308,4610
308,4705
1215,1053
1215,1894
1215,5385
1215,5433
1215,4788
1215,5537
315,1054
315,1055
315,1078
315,4380
315,4638
44,1056
44,5103
44,5110
44,5111
44,5125
44,5140
44,362
44,377
44,510
44,1870
44,1876
44,1311
44,5188
44,5206
44,5229
44,2078
44,2080
44,2082
44,5384
44,4559
44,4583
44,4614
44,4629
44,4630
44,4706
44,4710
44,4727
44,5052
44,5551
44,5553
442,1057
422,1059
422,1075
422,219
422,913
508,1060
228,1061
228,1079
228,2493
1040,1062
1040,1835
1040,1839
328,1063
597,1064
1171,1065
1048,1066
1048,5277
1048,5426
1048,5441
384,1067
384,1073
118,1068
118,1154
118,3479
118,3731
118,3968
1378,1069
1378,5138
1085,1070
701,1071
96,1074
96,434
229,1076
320,1077
320,1080
1022,1081
423,1082
777,1083
112,1084
112,1094
112,3280
716,1085
1330,1086
1330,1704
1330,519
1330,1804
1330,1805
1330,1884
1330,1891
1330,5220
1330,2073
1330,4367
1330,4373
1330,5416
1330,4510
1330,4511
1330,4521
1330,4523
1330,4549
1330,4576
1330,4617
1330,4677
1330,5522
1330,5523
1330,5527
958,1087
440,1088
440,1096
1370,1089
1370,2619
1370,487
1370,5405
605,1090
31,1092
363,1093
1199,1095
291,1097
708,1098
708,1220
708,1343
708,2072
708,4382
708,4162
708,4175
708,4190
156,1099
156,3595
1255,1100
1222,1752
1222,1404
1222,1519
1222,1542
1222,1591
1222,2337
1222,2538
1222,2808
1222,2953
1222,2971
1222,3746
1222,5469
811,1753
811,314
811,3484
811,2301
811,2017
811,2916
811,4866
40,1761
1239,1763
1239,1822
1239,922
1239,4347
592,1764
592,1104
592,520
592,1462
592,840
592,2199
592,3969
592,4625
592,4725
1016,1767
1016,1417
1016,1440
1016,3826
167,1770
167,1564
167,1567
167,2643
167,3711
1170,1773
1170,5101
1170,5112
1170,357
1170,532
1170,1808
1170,1266
1170,1502
1170,1528
1170,5304
1170,2043
1170,2053
1170,2088
1170,2770
1170,3084
1170,4016
1170,4568
1170,4604
1170,4738
1170,5510
1170,5511
1170,5512
1170,5513
1170,5530
698,1775
698,350
698,1391
698,2006
698,2831
698,4870
497,1777
497,2978
1043,1783
1043,2252
1043,2275
1043,2276
1043,2282
1043,2286
1043,2290
1043,2684
1043,2697
1043,2704
1043,2723
1043,2726
1043,2731
1043,2745
1043,966
1043,3618
1043,3638
1043,2214
948,1786
948,2266
948,2294
948,716
948,2315
948,2695
948,2706
948,2741
948,1039
948,3639
948,3040
628,1787
628,1466
1150,1791
1150,353
1150,3696
1150,4191
1150,4729
1074,1792
1074,1197
1074,4474
1074,3958
841,1794
841,1515
841,1544
841,2795
841,3724
841,4527
1355,1795
1355,13
1355,3499
1355,2532
1355,2880
1355,2218
991,1797
991,929
991,3839
991,5034
33,1798
1141,1799
1141,387
1141,467
915,1800
915,4330
915,2149
915,3008
915,3728
22,1701
22,351
22,383
22,394
22,4598
318,1702
318,522
318,4584
318,4723
350,1703
350,508
350,4354
305,1705
305,515
305,541
321,1706
321,1707
321,512
321,4601
321,4712
210,1708
210,4577
146,1709
146,163
146,517
146,4358
146,4376
146,4616
146,4714
344,1710
344,521
344,533
344,1327
344,2074
344,2094
344,4364
344,5364
344,4555
344,4595
344,4596
344,4607
344,4728
344,4742
344,4750
510,1711
1334,1712
1334,1322
1334,2091
1334,3965
343,1713
343,5159
343,5205
343,5227
343,5244
343,4369
343,4371
343,4378
343,4379
343,5376
343,4744
492,1714
492,1733
492,358
492,360
492,526
492,2764
492,5369
492,5372
492,5402
492,5453
492,4749
492,5080
492,5514
244,1716
244,529
244,4381
244,4739
233,1717
233,530
233,1890
233,4594
233,4649
233,4732
1463,1718
1463,1134
1463,5104
1463,3246
1463,4333
1463,4430
1463,5495
1463,5534
1468,1719
327,1720
327,367
327,5253
325,1721
851,1722
851,361
851,1313
323,1723
323,376
1396,1725
1396,47
1396,148
1396,1820
1396,1390
1396,1414
1396,2828
1396,3685
1396,5477
1396,4542
1396,4897
1396,4992
194,1728
225,1729
212,1730
212,543
335,1731
335,2056
227,1732
227,1332
227,4639
227,5075
206,1734
206,5041
216,1735
216,5097
57,1736
310,1737
310,398
1023,1738
338,1739
338,4399
314,1740
314,375
314,2066
230,1741
1161,1742
1452,1744
1452,4848
326,1745
326,3346
326,1345
326,4558
326,4560
326,4602
326,4641
236,1746
345,1747
345,3159
429,1748
429,1848
429,992
429,3175
346,1750
88,1
88,129
88,205
88,2353
88,2634
88,854
88,802
88,4905
88,4955
1241,3
1241,134
1241,2503
1241,857
1241,804
1241,4903
1241,4952
1241,5008
1241,5047
1054,4
1054,2506
1054,897
1054,803
1054,830
1054,3619
1054,3624
1054,3648
1054,2835
1054,4909
1054,4954
1054,5009
119,5
119,202
119,2501
119,2601
119,899
119,808
119,3621
119,3633
119,2817
119,4901
119,4951
119,4988
119,5001
275,6
275,21
275,31
275,111
275,2466
275,1026
806,9
806,132
806,2523
806,2537
806,898
806,4910
806,4979
160,10
160,2408
486,11
486,415
486,3343
486,1296
486,1359
486,1536
486,2071
486,3108
486,4455
486,4479
486,3751
486,3809
486,4070
486,4109
486,4112
486,4167
486,4719
486,667
815,12
815,53
815,186
815,2385
815,2605
815,960
815,2839
815,2850
815,4913
815,4977
815,5033
84,14
84,2355
84,2517
84,2544
84,876
1374,16
1374,318
1374,331
1374,3228
1374,1367
1374,729
1374,2340
1374,1040
1374,4886
390,17
390,29
390,115
390,715
390,723
390,2326
390,867
390,844
809,18
809,2542
809,861
809,4924
1419,19
1419,3235
1419,1331
1419,2587
1419,2944
1419,635
1419,5407
82,22
82,136
82,171
82,223
82,336
82,2886
82,2918
82,2989
82,4878
773,23
773,116
773,3467
773,719
773,2314
773,2516
773,2551
773,2553
773,2554
773,2560
773,2570
773,2571
773,2576
773,2620
773,871
773,831
773,903
773,908
773,910
773,2769
773,2951
773,2956
773,2958
773,2962
773,2966
773,2968
773,2977
504,24
504,2396
504,2549
504,875
504,4944
807,28
807,874
807,4937
807,4997
1256,30
1256,128
1256,725
1256,930
1256,3014
1256,2223
1256,4015
1256,4983
278,32
278,4912
278,4976
278,5005
650,34
650,113
650,122
650,2369
650,823
650,973
650,2771
650,4929
650,4991
1354,35
1354,1225
1354,2869
1354,2217
757,37
757,750
1437,38
1437,1041
1081,39
1081,130
1081,791
1081,2500
543,40
543,3106
543,5085
1246,41
1246,121
1246,1114
1246,449
1246,3478
1246,878
1246,849
1246,958
1246,1011
1246,4494
1246,4039
1246,4748
1246,4940
1061,42
1061,138
1061,158
1061,229
1061,2526
1061,859
1061,1009
1061,4995
556,43
556,1340
556,2329
556,1953
556,2896
556,3684
556,4428
556,3872
556,4623
556,4635
556,4644
430,44
430,2530
430,869
430,2134
430,4045
542,45
542,110
542,150
542,162
542,971
542,3636
268,46
268,58
268,67
268,86
268,87
268,145
268,2632
1471,49
1471,2569
581,50
1447,51
1447,57
1447,201
1447,204
1447,210
1447,212
1447,3626
1447,4959
1447,4965
1447,4999
1447,5011
1426,55
723,56
723,147
723,209
723,4923
723,4943
898,60
898,69
898,200
924,62
924,196
1277,63
1277,371
1198,64
1198,65
1198,75
843,66
644,68
986,70
986,248
1288,72
1288,308
1288,312
1288,345
1288,1267
1288,1374
1288,1418
1288,1521
1288,2505
1288,872
1288,458
1288,2959
1288,4108
1288,5529
282,73
512,74
1280,76
1280,82
1280,90
1280,557
866,77
614,78
614,879
614,4825
614,4939
614,5021
120,79
120,149
120,226
120,4919
120,5013
1265,81
709,83
709,3335
709,3477
709,1328
709,1452
709,856
709,815
709,3668
709,2228
709,3820
709,4033
709,4859
709,5067
709,657
316,84
1138,85
1138,5137
399,88
399,1206
399,1217
399,1224
399,1230
399,1389
399,2348
399,914
399,921
399,939
399,2041
399,3100
399,3179
399,3723
399,5342
784,89
784,93
784,184
784,3360
784,3987
635,91
1444,92
849,94
849,419
850,95
19,96
1051,98
63,99
816,100
24,102
24,103
24,123
24,316
24,404
24,523
24,3307
24,3320
24,1425
24,705
24,2338
24,2690
24,2825
24,2991
733,104
733,2502
733,2628
733,853
733,811
733,4915
733,4964
988,106
988,156
988,207
988,406
988,1201
988,3303
988,3306
988,3309
988,3315
988,3317
988,2307
988,2504
988,817
988,5177
988,2013
988,2064
988,2844
988,2197
988,5316
988,5367
988,5373
988,3818
988,4963
988,5003
988,5528
640,108
640,161
640,1203
640,1933
640,2284
640,706
640,747
640,2681
640,2718
640,848
640,3631
640,3650
640,2146
640,3045
1283,109
1283,1928
1283,2622
1283,828
1283,2111
1283,2941
1283,4097
1283,671
196,114
196,1852
196,1855
196,1363
196,1936
196,2324
196,827
196,3004
196,4355
196,4357
196,2208
196,3704
196,3719
196,3726
196,4482
196,5471
196,3884
196,4021
196,4518
196,4548
196,4856
196,4858
196,5087
196,5093
196,662
975,117
975,1219
975,2270
975,842
975,4184
696,124
696,2511
696,2540
696,2541
696,2607
696,892
696,807
696,4907
696,4960
696,5018
865,133
865,1157
865,2638
865,2193
865,3984
737,135
737,176
737,2398
509,142
509,233
509,542
509,1422
509,2528
509,943
509,964
509,1004
509,481
509,2985
509,4497
509,5020
894,143
894,164
894,214
894,2531
894,2604
894,2614
596,146
596,1212
596,1244
596,2762
596,2980
596,3006
596,3107
596,4126
596,4132
1245,152
1245,1245
1245,3322
1245,3337
1245,1938
1245,2310
1245,2311
1245,2319
1245,2359
1245,2366
1245,2470
1245,2594
1245,2680
1245,2689
1245,816
1245,953
1245,1036
1245,2777
1245,3129
1245,4902
1245,4921
1245,4966
1245,5091
60,154
60,3339
60,3490
60,2251
60,2267
60,2269
60,2273
60,711
60,712
60,728
60,731
60,736
60,2309
60,2651
60,2654
60,2655
60,2657
60,2660
60,2662
60,2664
60,2667
60,2672
60,2673
60,2675
60,2677
60,2688
60,2693
60,2705
60,2707
60,2708
60,2709
60,2710
60,2711
60,2715
60,2724
60,2735
60,2737
60,2747
60,2749
60,997
60,3601
60,3602
60,3611
60,3643
60,4801
60,4802
60,4883
60,4911
60,5054
1175,159
1175,433
1175,1906
1175,1912
1175,833
1175,4317
1175,2827
1175,3670
1175,2191
286,160
286,3456
286,1549
286,4319
286,2862
286,2903
286,2165
286,4036
286,4062
286,4177
286,4872
286,4888
286,659
416,165
416,3485
416,2258
416,2263
416,2268
416,2288
416,2676
416,1003
416,1013
416,1032
416,2810
416,5015
934,168
934,1014
912,169
912,1321
912,1920
912,745
912,881
912,893
912,835
912,917
912,956
912,994
912,1016
912,1034
912,2040
912,2085
912,2783
912,2813
912,2846
912,2936
912,2938
912,2995
912,3022
912,3667
912,2213
912,4029
912,4890
912,4893
654,170
654,191
654,1486
1140,173
1140,4871
1140,4786
936,177
936,2320
936,2744
936,2746
936,2843
936,4535
1079,178
1079,2291
1079,2682
353,179
353,2992
1210,180
1210,343
1210,1369
1210,2331
1210,4531
1210,699
50,182
907,183
907,4421
876,185
1132,187
1132,718
1132,2546
237,188
237,1303
237,4566
237,4569
237,4606
147,189
147,2462
790,190
790,5142
790,1424
790,1926
790,2435
790,870
790,3074
790,4985
20,192
1151,193
1151,5242
1151,5272
1151,3077
1151,5443
1492,194
1492,2413
1492,2478
1492,2960
860,195
860,2295
860,749
524,197
1065,198
1065,998
1065,3054
331,199
557,208
557,3608
557,4904
557,4957
557,4975
557,5004
864,211
864,934
864,944
864,1015
864,2773
864,553
864,3775
864,3798
864,4946
864,4961
273,215
273,216
844,217
844,918
844,4040
565,220
565,3341
565,1275
565,1548
565,3172
565,3183
565,3194
565,3694
565,4416
565,3843
565,4792
565,682
980,221
980,1227
980,1483
980,1022
980,4925
1056,222
1056,426
1056,1386
1056,2766
1056,2864
1056,4423
1056,4805
1056,4891
283,225
283,2370
283,2646
1446,227
1446,4926
67,231
67,2361
67,947
67,613
67,4038
1201,232
1201,4916
896,234
1418,236
1418,245
1418,2603
1418,2895
1418,577
1418,4914
502,238
1327,239
1327,4799
270,240
32,242
32,2376
32,4947
932,246
932,3492
932,738
932,2434
932,3036
932,556
932,4027
1093,247
1093,1112
1093,5456
1093,4031
1093,4941
1093,4950
1093,4764
852,249
80,1103
80,1146
80,424
80,3481
80,625
80,4780
1011,1107
1011,1113
1011,4348
1011,5400
121,1108
121,1828
121,983
121,3769
1337,1109
1328,1110
485,1111
829,1115
1393,1116
1393,3203
1393,3209
1119,1117
45,1118
45,3486
1424,1119
1424,3230
1424,4844
1191,1121
1275,1122
631,1123
631,338
631,342
631,3373
631,2913
631,2914
631,2942
631,3057
631,3060
631,3062
631,4972
631,4767
43,1124
43,1131
1461,1125
1461,1142
1385,1126
1385,5273
1385,5390
1127,1127
1127,588
1127,5499
684,1128
966,1129
1162,1130
461,1132
1335,1135
170,1136
170,2579
170,3747
1429,1137
1429,1138
1429,1148
1050,1139
1050,3257
1050,4490
1039,1140
1190,1141
1236,1143
1382,1144
1177,1145
1177,3271
184,1147
462,1149
471,5105
471,5114
471,5119
471,5122
471,5124
471,5133
471,5141
471,5149
471,1872
471,1886
471,2615
471,3000
1270,5107
1270,1874
1270,1254
1270,1289
1270,1402
1270,1504
1270,1545
1270,2328
1270,2349
1270,3151
1270,2168
1270,3870
1270,3889
1270,4127
1270,4158
1270,5099
294,5115
294,356
294,537
294,1824
294,1325
294,1334
294,1433
294,4385
294,2198
47,5121
47,5473
47,5525
47,5544
47,5558
796,5123
796,3779
162,5127
162,5274
162,5408
162,5444
1103,5129
245,5130
245,2068
245,2087
245,4030
6,5131
6,4784
825,5134
825,5146
825,5147
385,5136
385,3388
385,1319
385,2341
391,5143
391,539
391,1917
391,2583
391,2065
391,3156
391,3198
391,5375
391,4600
391,4730
391,4894
899,5144
899,4439
114,5145
114,1178
114,3248
114,3793
463,5148
1034,5150
1034,1583
1034,3598
1034,2897
1034,4783
300,310
300,1856
300,1454
300,702
300,2636
300,810
300,968
300,1000
300,3629
300,2106
300,2812
300,3658
300,3749
300,605
300,4010
300,4104
300,4115
300,4565
300,4608
300,4994
86,311
86,1300
86,1434
86,1516
86,2316
86,812
86,4307
86,2057
86,2930
86,3662
86,4362
86,4397
86,4406
86,5481
86,3880
86,3886
86,3814
86,4522
86,4562
86,5056
86,5071
86,5545
608,313
608,315
608,334
608,3305
608,3311
608,3318
608,3319
608,1260
608,1262
608,1273
608,1352
608,1360
608,1406
608,1512
608,1518
608,1931
608,2278
608,2312
608,2339
608,4301
608,4306
608,2019
608,3101
608,4411
608,3701
608,4451
608,4452
608,5474
608,5478
608,3851
608,3857
608,4051
608,4067
608,4102
608,4753
990,317
990,3470
990,1320
990,1383
990,1911
990,3661
990,3716
990,3759
990,5332
990,5352
990,3858
990,4059
990,4731
990,4754
1397,321
1397,3067
1397,3070
1397,3073
1397,3109
1397,3155
1397,4485
1397,4491
1397,4100
1090,328
1090,1550
1090,4409
1090,3885
1090,3898
1090,4123
750,329
750,2185
1095,332
1095,346
1095,1867
1095,1877
1095,1885
1095,1888
1095,1892
1095,4326
1095,5360
1095,5486
1095,3859
1095,3888
1095,3896
1095,5535
126,333
126,1261
126,1366
126,2156
126,3703
126,5322
126,3887
869,337
869,4980
37,348
37,1315
37,3028
37,2183
1407,352
1407,502
1407,3312
1407,2062
1407,4361
1407,4553
1407,4570
1407,4650
1407,4701
1407,4709
1407,4747
1407,5057
768,354
768,422
768,3334
768,1270
768,1393
768,2166
768,5341
768,4889
339,355
339,506
339,511
339,2075
339,4351
339,4360
339,4388
339,4707
339,4735
339,5064
1269,359
1269,1875
1269,1887
1269,1323
1269,1421
1269,2567
1269,2685
1269,5409
1269,5505
1269,4590
203,363
203,391
1146,364
1146,2459
1146,2463
1146,2464
1146,2475
1146,2488
1146,2491
93,365
311,366
311,514
311,4567
311,4716
1234,369
1234,2096
1234,3788
1234,4041
26,370
792,373
792,2884
792,3047
792,2209
234,378
234,1845
630,379
630,5337
630,5404
407,380
641,384
641,3364
641,3371
1276,385
224,386
1063,388
1063,392
1315,389
1315,524
1315,4637
1003,390
1003,396
174,393
174,5019
604,395
822,399
1301,400
842,405
842,4185
875,410
875,3331
875,4069
875,5082
875,678
176,418
148,428
148,1947
148,2084
1417,430
1417,1347
1417,2330
1417,3976
978,431
978,1335
978,1346
978,4640
1118,435
1118,3338
1118,1392
1118,4525
1118,695
722,437
722,4798
647,440
79,441
79,4005
178,443
178,1949
150,444
150,788
150,574
150,5007
254,445
254,3722
254,4495
254,3994
254,4192
943,446
943,2798
943,3188
943,3979
554,450
554,618
1376,1152
1376,1473
1376,1555
1376,2005
1376,2047
1376,2243
632,1156
632,1242
632,2081
632,4034
1259,1160
81,1161
81,3732
1059,1163
1091,1164
1091,2948
1091,633
1091,3787
1251,1165
1251,3033
436,1166
645,1167
1496,1168
965,1169
837,1170
1216,1171
1216,3215
856,1172
856,3999
1357,1173
1357,3196
1357,3995
942,1174
942,1952
566,1175
192,1176
826,1177
826,4480
826,4498
1094,1179
11,1181
87,1182
87,2222
1286,1183
1249,1184
1368,1185
1368,4793
54,1186
71,1187
71,2600
71,587
859,1188
801,1189
1046,1190
434,1191
800,1192
143,1193
1294,1194
1294,2617
1294,2175
1457,1195
1457,468
1486,1196
1121,1198
760,1199
1285,1200
1285,1207
1285,1045
1285,609
1285,644
1285,4048
73,3204
73,3207
73,4501
73,4502
73,4504
73,4508
73,4514
15,3208
15,2867
1416,3210
1416,3359
1416,3397
1416,4340
1416,3715
1416,5502
139,3211
998,3212
998,3231
998,4809
157,3213
746,3214
1188,3216
1188,3837
1188,4169
460,3217
460,3177
1477,3219
1477,991
75,3221
1394,3222
1362,3223
1362,3176
1221,3224
1455,3225
1455,4819
1144,3226
1144,4448
1144,3838
1144,4795
929,3227
1189,3229
107,3232
683,3234
683,2253
683,2259
683,2264
683,2658
683,2692
683,851
683,890
683,1007
683,2787
413,3236
454,3237
1000,3238
585,3239
585,4789
1185,3240
1185,1882
1185,3528
1185,5458
1185,5524
1369,3241
658,3242
658,3127
926,3243
521,3244
521,3396
521,950
521,2236
521,4733
586,3245
586,4843
577,3247
381,3249
104,1204
104,1252
104,1265
104,1278
104,1410
104,1535
104,1902
104,1945
104,2347
104,2514
104,2556
104,829
104,2037
104,2928
104,3051
104,3065
104,3066
104,3068
104,3083
104,3085
104,3680
104,2163
104,4407
104,611
104,639
104,5334
104,3821
104,3953
104,4092
104,4533
104,5086
960,1208
1307,1209
1307,3333
1307,1288
1307,1413
1307,2791
1307,2919
1307,4412
1307,5504
1307,4053
1307,4079
1307,4157
1307,4187
1307,4198
1307,4757
748,1210
748,737
985,1211
985,507
985,1305
985,1356
985,2305
985,751
985,2151
985,5363
985,4538
985,4708
985,5078
985,5517
985,5547
530,1213
558,1215
558,4489
558,607
971,1216
971,4928
46,1218
46,2132
46,3689
46,3925
46,4541
46,4546
46,4651
600,1221
1226,1222
1226,722
1226,2342
1226,3562
675,1223
675,2870
675,3160
186,1228
993,1229
1290,1231
1290,3168
1290,4446
930,1232
930,589
404,1233
404,3259
177,1235
406,1236
180,1237
180,2321
17,1239
17,5036
1440,1240
935,1241
935,4426
386,1246
386,796
386,2596
386,555
386,3740
473,1247
473,3116
553,1248
553,4043
655,1249
655,742
655,2136
655,687
371,1250
371,3744
169,501
169,2069
169,4551
169,4704
293,503
293,548
293,1812
293,1819
293,1851
293,1403
293,2052
293,2061
293,3170
293,3174
293,4353
293,4400
293,2171
293,5371
293,5394
293,3938
293,4571
293,4611
293,5060
349,504
349,4703
240,505
240,4352
240,4552
351,518
351,4587
351,4721
1267,527
1267,4585
1405,531
1405,2990
340,534
340,547
340,2997
749,535
749,2067
749,4372
749,4390
749,4734
474,538
474,3697
474,3795
1274,540
1274,4329
1274,4343
1274,4345
1274,4699
1274,4778
925,544
1067,546
302,549
669,550
783,1801
783,1806
783,1807
783,1869
783,1889
783,2058
783,3672
783,5417
783,5436
783,5437
783,4574
783,5076
783,5549
90,1803
90,3497
201,1810
201,1811
201,1823
220,1814
220,1826
220,1842
220,1850
853,1815
853,1827
853,2465
211,1818
211,1837
211,1840
205,1821
226,1825
226,1838
226,1841
226,1847
846,1829
247,1831
828,1834
828,3345
828,708
828,858
828,845
828,2176
828,3817
403,1846
1311,3253
897,3254
897,3275
832,3255
832,3256
832,3298
1423,3258
1200,3260
1200,3263
1200,3365
1200,3379
1200,3510
579,3261
579,3277
594,3262
594,3508
594,3524
944,3265
944,3281
1304,3266
1431,3267
1431,3283
1431,565
1427,3269
700,3270
700,3279
700,3178
95,3272
357,3273
357,595
116,3278
1173,3282
1325,3284
527,3285
544,3286
519,3287
109,3288
377,3289
820,3290
221,3291
221,1858
862,3292
1324,3294
1134,3295
572,3296
354,3297
439,3299
439,3300
219,1854
219,1865
219,1897
219,3358
219,3773
219,3910
219,4597
219,4626
362,1859
362,5221
362,5315
362,5379
362,5415
362,5420
362,5445
362,5515
362,5516
362,5533
362,5538
362,5552
868,1864
868,1866
868,5284
868,5432
868,5435
1001,1871
1001,4302
1001,4309
1001,2805
1001,2159
1001,4004
1001,4101
1001,4557
1001,4605
1001,4631
1001,4873
657,1873
657,1896
239,1893
775,3304
775,3340
775,1904
775,2285
775,2350
775,753
775,809
775,1006
775,2917
775,4861
775,5002
1115,3327
1115,1919
1115,2577
1115,4969
1115,663
933,3328
933,2254
933,2260
933,2271
933,2279
933,2280
933,2283
933,2653
933,2668
933,2669
933,2670
933,2679
933,2701
933,2703
933,2712
933,2716
933,2717
933,2739
933,3605
1202,3329
1202,1485
1202,475
1202,1965
1266,3330
1266,2519
1266,2631
1266,2823
366,3347
366,3666
366,4088
1346,3348
1346,3678
1469,3351
1469,3352
1469,3354
1469,3355
1469,3356
1469,2582
1469,3043
1469,641
1469,3927
1104,3357
1104,3765
1104,5317
479,3362
967,3363
967,3369
955,3367
955,3389
955,3390
955,2386
955,759
955,2775
892,3370
14,3374
14,1443
1348,3375
1179,3377
536,3378
536,3392
536,3399
536,3400
1070,3380
1070,2885
1070,4934
1312,3381
380,3382
559,3385
612,3387
612,3520
1026,3391
1109,3394
1386,3395
1386,5032
1490,3398
1490,2648
1490,935
1490,3131
1490,3986
443,3401
443,2574
802,3402
802,3406
802,3413
802,3416
802,3420
802,3424
802,3425
802,3428
802,3438
802,3442
802,3444
802,2303
802,3555
802,3561
802,3574
802,3575
802,3576
802,3577
802,3587
802,2687
1287,3403
1287,3421
1287,3443
1287,3448
1287,3449
74,3404
74,3405
74,3407
74,3415
74,3422
74,3423
74,3436
74,3440
74,3441
74,793
74,3551
74,3559
74,3563
74,3564
74,3593
74,864
1031,3408
1031,3412
1031,3418
1031,3446
1031,3554
21,3409
1186,3410
1186,3419
1186,3431
1186,3439
1186,3445
1186,2302
1186,2365
1186,782
1186,786
1186,2428
1186,3553
1186,3557
1186,3568
1186,3579
1186,497
835,3411
717,3414
805,3417
805,3592
729,3426
729,3435
729,2438
736,3427
736,3429
736,3430
736,3432
736,3434
736,3437
736,3450
1482,3447
1482,3781
456,3461
456,3468
456,3472
456,2256
456,2272
456,2281
456,703
456,707
456,2345
456,2652
456,2659
456,3612
456,2060
456,3653
456,2200
456,4019
456,4864
456,4867
456,4887
456,5051
804,3464
804,1469
804,2865
804,5503
804,4582
804,4618
804,5065
451,3466
451,713
451,2837
164,3473
166,3474
166,3483
166,3825
458,3475
214,3488
755,3489
755,2866
755,2887
755,692
548,3491
548,1999
548,4392
72,3496
776,3500
895,1268
895,1541
895,2009
895,2011
895,2039
895,2920
895,2157
895,2172
895,3808
1033,1292
1033,1533
1033,1010
1033,2003
1033,2753
1033,2935
1033,3104
1033,4402
1033,4453
1033,4462
1033,3853
1033,3895
1017,1298
1017,1532
1017,2048
1017,2115
1017,2922
1017,4434
1017,603
1017,5380
1017,4875
1017,5550
1017,665
309,1308
309,5194
309,4634
309,4746
494,1312
494,4377
324,1317
324,4561
324,4579
324,4580
324,4593
324,4627
324,4646
324,4717
830,1339
830,795
830,1027
830,4172
1235,1341
1235,2877
1235,4441
459,1342
459,1446
459,2970
459,2187
459,3834
459,5090
1055,1344
1055,5460
1071,1348
1071,5378
1071,5391
1459,1349
1459,2092
1459,3774
1459,3790
1459,5325
1459,5358
441,1357
441,1918
441,3097
441,4476
441,3893
441,4122
441,5070
670,1365
670,4437
670,4813
1314,1373
1314,2581
1314,979
290,1375
290,981
290,3609
290,2996
290,2177
1264,1381
1264,721
799,1382
799,636
810,1385
810,3096
743,1398
743,3675
743,4499
743,4061
743,4114
743,4128
743,681
743,700
593,1399
593,4196
1024,1405
1024,1582
562,1412
789,1423
789,1428
789,3063
789,3072
789,3075
568,1426
568,1478
568,3027
617,1427
617,5410
12,1430
12,3162
12,5345
12,4170
12,4180
12,4881
1453,1432
1453,969
1453,2050
1453,5439
1453,5461
1453,5476
1453,5480
1453,3878
1453,5077
910,1435
49,1436
49,2597
1088,1438
152,1441
1414,1442
1049,1444
660,1445
13,1447
1153,1448
348,1449
348,3586
688,1463
688,752
688,2403
688,2444
688,3603
688,455
688,3023
688,3031
688,2201
688,2206
688,3725
688,3951
688,3957
688,3964
688,4001
688,4002
688,4013
688,4023
688,4046
919,1467
919,3010
919,3013
919,3931
1341,1471
1341,4657
415,1475
415,3025
415,3942
758,1479
758,2237
758,4458
758,604
758,619
758,624
758,632
758,649
758,3904
758,3911
758,3914
758,5014
1008,1482
970,1484
1318,1487
1318,626
1318,634
1318,640
1303,1490
397,1491
520,1493
916,1494
916,4065
1248,1495
1124,1496
1124,2599
917,1497
1384,1498
906,1499
906,2131
906,4694
1344,1500
1344,3030
987,1534
987,1588
987,2836
987,4484
987,5350
987,4129
987,4615
1310,1551
1310,1553
1310,1560
573,1572
573,1593
873,1574
607,1579
607,3583
1052,1584
1052,4900
1220,1592
1220,2585
1220,5356
1015,3501
1015,3541
1015,3543
1015,3545
42,3503
949,3504
949,3515
949,3521
949,3529
129,3505
129,562
105,3506
105,2356
105,756
105,2425
105,2442
105,2452
105,2483
105,2496
105,3599
105,3622
105,2955
105,4998
500,3507
500,3532
500,3537
500,3539
1225,3509
1225,2494
51,3511
959,3512
959,3518
686,3513
686,3514
686,2472
1305,3516
1305,887
1014,3517
1014,784
1084,3519
870,3522
488,3523
488,3525
488,3526
136,3527
1073,3530
857,3531
767,3533
1433,3534
1433,3536
190,3535
693,3538
1466,3540
753,3542
1122,3544
1172,3546
197,3548
1430,3549
1480,3550
265,1903
1100,1905
259,1914
638,1916
961,1925
961,860
834,1930
834,4324
834,3041
834,4165
887,1940
887,620
1174,1941
1174,2580
1158,1946
1158,2240
611,1950
611,2137
611,606
506,2255
506,2694
506,3962
838,2257
821,2261
821,2671
821,2722
821,3627
900,2265
699,2274
418,2277
418,2698
414,2289
772,2292
772,2714
772,2721
772,2729
772,2743
1413,2293
1413,2414
392,2296
161,2297
161,2404
1181,2298
1181,760
1181,2456
1181,2720
1408,2299
1408,778
513,2300
513,754
1488,701
1488,2317
1488,2665
1488,2674
1488,820
1488,2114
1488,2847
1488,2910
1488,2927
742,710
742,996
18,726
18,2589
389,727
389,3690
880,732
1279,740
1279,2572
1156,743
1187,746
1187,3693
1320,748
957,2304
1029,2332
1029,2873
1029,5026
1068,2333
1068,2093
516,2354
516,2367
516,2393
516,780
1422,2358
1400,2360
1400,2387
1350,2363
1350,846
1350,2932
1350,2231
1350,4456
1350,617
1350,3770
1350,4118
1350,4134
1350,670
587,2368
587,865
587,2840
360,2372
360,2482
1282,2374
1282,799
1282,2874
1282,2876
1282,2878
808,2375
996,2377
996,3780
25,2378
375,2379
1243,2380
1243,2388
1018,2381
503,2382
721,2383
752,2384
752,3143
705,2389
747,2390
297,2392
823,2397
122,2399
122,2610
731,2400
1252,757
1252,2410
1252,3606
222,758
222,3777
365,761
365,2495
365,2755
1443,762
53,763
53,2419
53,2477
836,764
836,3556
142,767
681,769
681,2455
673,770
673,2799
1111,771
1111,2797
1289,772
1289,4346
1263,774
1263,2401
1497,775
1497,2788
1086,776
1086,787
1086,2758
1165,777
1165,2443
1165,2461
1165,2497
1006,779
1006,2782
1233,781
1233,790
1399,785
974,789
974,2778
1410,792
1410,2432
1281,794
1281,2644
1281,490
1057,797
680,2405
680,2469
680,2484
394,2406
394,2451
394,2479
249,2407
249,5089
188,2409
76,2412
483,2415
483,2433
483,5094
537,2416
973,2417
1398,2420
1398,2481
420,2421
1293,2422
1293,2440
1293,2458
1293,3630
1293,3644
992,2423
356,2424
356,2460
1030,2426
52,2427
52,2489
52,2663
1306,2429
1306,2468
1306,4681
231,2430
231,3649
769,2431
1390,2436
1390,2450
1390,1047
264,2437
264,888
132,2439
845,2441
1411,2445
248,2446
893,2447
893,900
242,2448
333,2449
361,2453
425,2454
425,3952
545,2457
412,2467
412,4000
35,2471
94,2473
94,2963
469,2474
726,2476
726,2524
726,1023
781,2480
682,2485
1182,2486
937,2487
246,2490
424,2492
358,2498
691,2499
881,2508
266,2509
266,901
266,902
266,904
266,905
266,907
266,928
913,2513
913,2573
913,2911
913,3095
913,4877
1495,2521
1495,2575
1495,862
1495,911
1495,1012
1495,2774
720,2527
1021,2543
432,2548
432,637
1036,2550
168,2564
168,3614
168,3640
168,2807
1242,2568
1242,3111
1242,2170
1242,3720
368,2578
664,2584
664,977
498,2586
764,2588
369,2590
369,4091
574,2592
296,2593
204,2598
1331,3552
1401,3558
1401,3912
193,3560
193,5312
193,4550
193,5022
946,3565
123,3566
123,3092
703,3567
1485,3569
883,3570
1494,3571
1494,5454
685,3572
546,3573
106,3578
1224,3580
1361,3581
855,3584
531,3585
1319,3588
1319,3950
1296,3589
1193,3590
1108,3594
1360,3597
1214,3600
1434,2602
1434,4135
1434,4743
257,2606
257,2830
1250,2608
446,2612
446,4447
1102,2613
1102,4917
272,2618
304,2621
304,5155
304,5176
304,5179
304,5181
304,5186
304,5190
304,5217
304,5226
304,5231
304,5232
304,5234
304,5270
304,5282
304,5283
304,5285
304,3011
70,2624
70,5044
1101,2629
1101,4933
786,2633
786,4949
1218,2635
1218,2233
1218,4496
271,2639
633,2640
279,2641
995,2642
995,2650
995,2700
995,2049
995,2950
995,569
995,3717
995,5320
995,5338
995,5339
995,5351
995,5497
539,2645
1389,2661
1389,3998
435,2678
435,2110
435,2772
435,3681
435,3971
435,5084
435,693
449,2683
256,2686
256,2696
256,855
256,822
256,3610
256,3632
256,3634
256,2804
256,2822
803,2699
1261,2702
1261,2725
1176,2713
1206,2719
947,2727
387,2728
387,2733
387,2736
387,2748
437,2732
437,2742
920,2734
1125,2738
1412,2740
101,2750
101,3991
1441,852
1441,826
1441,3615
1441,2803
1082,863
1082,2794
431,866
788,868
788,4922
788,4967
1058,880
1058,5029
615,882
982,883
267,884
98,886
98,638
1110,891
1110,4936
1483,894
785,895
725,847
725,2921
725,2946
725,2162
725,3816
725,669
277,909
277,927
382,912
382,3064
1164,915
263,916
280,919
281,920
984,924
984,483
984,2892
984,4433
863,925
905,931
905,3939
905,4777
603,932
603,1044
1145,933
1145,1991
662,936
662,3124
172,937
762,938
762,1038
762,566
762,583
762,4840
260,940
1062,941
694,942
261,946
923,948
602,949
818,952
421,954
1136,961
813,965
813,2768
812,970
812,3635
812,3647
812,2820
1,972
1,5346
1,4539
85,974
85,2842
85,4450
85,5017
1445,984
117,986
117,2790
511,987
511,2841
511,5025
953,990
1080,995
590,1019
590,2226
89,1020
1232,1021
1232,5411
1232,3961
588,1024
588,1031
588,643
232,1025
668,1028
668,2148
728,1029
728,3833
159,1030
576,1035
576,5043
847,1037
468,1042
1322,1043
518,1048
330,5151
330,5168
330,5175
330,5178
330,5184
330,5189
330,5198
330,5218
330,5237
330,5281
330,5296
209,5152
209,5167
209,5169
209,5170
209,5171
209,5172
209,5173
209,5174
209,5182
209,5183
209,5216
209,5223
209,5249
209,5258
209,5265
209,5266
209,5267
209,5268
209,5271
209,5276
209,5280
209,5286
209,5309
319,5153
319,5245
319,5247
319,5254
319,5298
322,5154
322,5224
322,5248
322,5287
322,5292
322,5294
322,5299
307,5156
307,5191
307,5192
307,5195
307,5225
307,5230
307,5240
307,5251
307,5255
307,5259
307,5279
307,5291
307,5305
307,5307
342,5157
342,5210
342,5211
342,5256
332,5158
332,5204
332,5238
332,5250
332,5302
629,5160
629,5313
687,5161
687,5180
687,5208
687,5219
687,5233
687,5236
687,5261
687,5262
687,5308
493,5162
493,5239
493,5269
493,5290
334,5163
334,5185
334,5201
334,5228
334,5278
334,5297
1425,5165
571,5166
706,5187
706,5193
706,5207
706,5209
706,5212
706,5222
706,5289
706,5293
1415,5196
1415,5197
1415,5199
1415,5200
1415,5203
1415,5235
1415,4427
1415,5403
1415,5429
1415,5100
207,5213
207,5246
367,5241
831,5257
831,5264
977,5260
977,5263
977,696
379,5275
1339,5300
1339,5301
501,5303
306,5306
306,5370
306,5414
306,5442
447,5310
185,5311
155,3604
155,3613
155,3620
155,4927
155,4968
155,4978
155,5010
78,3616
78,3628
1098,3623
1448,3637
419,3641
569,3642
284,3645
262,3646
262,4920
262,4981
262,5012
956,456
963,457
730,459
453,460
453,1954
453,2117
453,2118
453,3955
453,4661
983,461
535,465
1375,466
1005,470
1228,471
1228,2205
601,472
861,473
1439,474
522,476
200,477
583,478
885,479
885,1968
867,480
867,1985
540,482
383,484
979,486
124,488
1096,489
791,492
791,3166
791,2235
484,493
484,1981
484,1982
903,494
1166,495
250,496
1075,498
952,499
1323,500
759,1951
759,621
759,628
499,1955
417,1956
199,1958
735,1961
580,1962
884,1963
884,1996
457,1964
704,1966
704,3923
704,3943
972,1967
1219,1970
288,1971
288,3136
563,1972
1160,1973
450,1975
1114,1977
653,1978
653,4690
1299,1979
127,1980
1047,1983
766,1984
914,1986
99,1987
1044,1989
1087,1990
1087,3099
1442,1993
103,1994
1342,1995
740,1997
517,1998
1454,2000
1295,4311
712,4314
712,4318
712,4320
712,4322
712,4334
712,4337
712,2122
712,3003
541,4327
181,4332
945,4336
945,5484
945,3845
945,3960
945,4066
945,4862
690,4338
584,4339
584,2875
584,4918
584,698
198,4349
1349,4350
1349,5450
1298,2046
1298,4163
238,2051
1343,2054
1343,4396
480,2070
480,2947
217,2077
217,4578
217,4619
337,2086
64,2097
1027,2099
1027,5496
23,2100
115,2103
115,3924
761,2126
761,4074
1458,2138
1458,4183
782,2140
1436,2145
1436,2241
477,2147
1089,2752
1083,2761
1258,2763
793,2765
1470,2779
1131,2786
426,2793
426,3743
745,2796
745,3840
713,2800
1120,2811
622,2814
817,2815
1387,2819
100,2824
1450,2829
202,2845
732,2849
158,2858
158,3929
547,2879
547,4680
547,4774
496,2883
496,4359
496,4366
496,4383
496,4389
496,5383
496,4120
496,4632
481,2888
481,4444
481,571
481,5335
481,5401
481,5425
481,5468
253,2889
1106,2890
1345,2891
1135,2893
882,2894
165,2898
295,2899
941,2923
0,2937
0,3078
0,4688
999,2949
1041,2961
395,2964
954,2976
954,3794
1420,2983
36,2984
1053,2986
131,2987
695,2988
695,3755
695,5377
102,2993
102,4787
1351,2998
445,3021
489,3024
674,3026
1178,3029
455,3034
455,3916
455,4674
981,3038
1069,3044
154,3046
710,3049
39,3069
39,3691
39,4174
39,4189
839,3091
1010,3094
1373,3098
1373,3197
595,3110
595,3118
595,3141
595,3937
523,3113
1244,3115
1244,564
1244,4782
1271,3119
1271,3727
378,3121
378,4781
59,3122
1137,3123
1137,559
795,3125
610,3126
610,3734
3,3128
3,4200
1204,3130
1333,3132
372,3133
218,3135
989,3137
1113,3138
976,3139
298,3140
623,3144
113,3145
1229,3146
1129,3147
908,3148
908,4826
552,3149
179,3150
409,3157
409,3163
1126,3158
1126,4698
16,3161
130,3165
1116,3167
299,3180
299,615
1004,3182
1347,3184
1347,5459
1247,3186
1247,3849
570,3187
1484,3189
144,3190
1254,3191
1404,3195
490,3199
1358,3200
1462,3676
1462,3847
427,4384
1432,4394
69,4395
1465,4398
921,2174
921,4009
921,4519
578,4414
578,4432
578,3823
797,4429
65,4431
939,4435
763,4438
763,4529
1168,4440
840,4445
840,4047
969,2207
969,4003
393,2210
393,4006
393,4032
402,2219
91,2220
1338,2224
1338,4017
1338,4026
1338,4035
1338,4042
1338,4678
1002,2225
1353,2227
1365,2229
1230,2230
92,2232
871,2238
994,2239
287,2242
532,2244
1359,2245
1359,4830
613,2246
1297,2247
636,2248
636,3935
636,4835
1372,2250
66,554
1268,558
1364,560
276,561
4,567
1292,568
1292,594
1313,570
41,572
97,573
646,575
1489,579
355,580
1300,581
1260,582
1438,584
909,585
874,586
672,590
1197,591
1147,593
550,596
1163,598
1212,599
491,600
514,3730
888,3733
819,3735
819,3967
951,3736
173,3737
656,3741
1203,3745
1316,3748
1302,3750
1032,4454
1032,610
1032,616
1032,623
1032,3908
1379,4460
1379,4465
241,4477
241,5382
241,5395
950,4481
798,4488
564,622
1152,629
301,631
567,642
1207,646
1460,647
1211,648
765,650
252,3776
1309,3778
627,3782
1451,3783
1356,3784
1356,4671
312,3785
1194,3791
189,3796
189,3842
28,3799
359,3800
466,5323
770,5326
770,5329
637,5330
637,5467
1493,5336
1493,5482
1493,5506
285,5343
141,5348
663,5349
370,5354
137,5355
756,5361
756,4090
329,5366
329,5374
329,5399
303,5386
879,5387
235,5388
475,5392
475,5457
292,5396
292,5430
347,5412
347,5427
347,5428
347,5451
347,5455
336,5413
336,5418
336,5419
336,5422
336,5446
336,5447
401,5421
401,5519
401,5520
401,5536
401,5540
401,5541
401,5543
401,5557
341,5424
495,5431
495,4624
877,5470
877,5491
1149,5475
677,5485
677,5494
575,3897
575,4544
724,3822
1142,3830
1142,4684
2,3831
1078,3836
624,3844
1476,3915
754,3918
1042,3919
388,3928
251,3930
890,3932
1195,3934
1195,4821
878,3936
719,3940
171,3944
718,3945
833,3946
1380,3947
1371,3948
665,3949
313,3959
313,4573
313,4612
313,4622
313,4628
313,4718
901,3974
901,4762
692,3975
1326,3977
213,3978
707,3981
1192,3982
1020,3983
149,3988
472,3989
689,3992
400,3997
400,5024
125,4008
1112,4049
620,4068
620,4075
620,4081
620,4099
620,4515
620,4517
620,4536
620,694
648,4094
1012,4098
133,4166
373,4179
373,4993
794,4182
794,4547
444,4532
1066,4534
738,4545
243,4581
243,4586
243,4588
223,4633
352,4643
352,5053
827,4656
902,4669
482,4685
482,4686
482,4700
1035,4689
1392,4691
964,4692
1037,4693
1329,4695
1487,4697
10,4807
1363,4810
1076,4811
398,4812
1467,4814
891,4815
1045,4816
110,4817
787,4818
208,4820
464,4823
1028,4824
618,4827
778,4828
911,4829
911,5016
476,4831
1473,4832
639,4834
187,4836
289,4837
609,4838
1196,4839
1257,4841
1474,4842
1284,4845
145,4846
1128,4847
1332,4849
1352,4850
1183,4892
1478,4908
1478,4974
1478,5038
1072,4930
1308,4931
255,4935
255,5046
1406,4938
634,4942
163,4945
651,4948
1367,5023
1097,5027
1092,5028
29,5030
111,5031
1105,5035
7,5037
61,5039
779,5040
918,5045
1421,5048
533,5049
533,4794
555,5050
676,4769
676,4779
62,4775
153,4785
1169,4790
77,4791
1272,4797
